{
  "moving_average": 0.13247118246045117,
  "random_forest": 0.22207279331860538,
  "lightgbm": 0.2159431791398883,
  "xgboost": 0.2149158391471216,
  "two_stage": 0.21459700593393363
}