{
  "naive": 0.08854234620708237,
  "moving_average": 0.09593364070021078,
  "ets": 0.0964595618272504,
  "linear": 0.17418123142568154,
  "random_forest": 0.17904997298613895,
  "lightgbm": 0.1831299593318055,
  "xgboost": 0.18270328752183046
}